{"cameraMode":{"drawMode":0,"name":"Shaded","section":"Shading Mode"},"sceneLighting":true,"audioPlay":false,"sceneViewState":{"m_AlwaysRefresh":false,"showFog":true,"showSkybox":true,"showFlares":true,"showImageEffects":true,"showParticleSystems":true,"showVisualEffectGraphs":true,"m_FxEnabled":true},"in2DMode":false,"pivot":{"x":-2.0567355155944826,"y":-15.622252464294434,"z":50.30514907836914},"rotation":{"x":0.2219116985797882,"y":-0.017556097358465196,"z":0.003993202932178974,"w":0.9749087691307068},"size":29.851818084716798,"orthographic":false}